Category: All categories,,,
,,,
Time,Hamburger: (United States),Milkshake: (United States),Breakup: (United States)
2026-04-08T18:12:00-05:00,93,25,16
2026-04-08T18:20:00-05:00,89,25,15
2026-04-08T18:28:00-05:00,89,25,15
2026-04-08T18:36:00-05:00,86,26,17
2026-04-08T18:44:00-05:00,78,27,17
2026-04-08T18:52:00-05:00,79,28,17
2026-04-08T19:00:00-05:00,84,24,16
2026-04-08T19:08:00-05:00,79,25,16
2026-04-08T19:16:00-05:00,81,25,15
2026-04-08T19:24:00-05:00,78,24,16
2026-04-08T19:32:00-05:00,72,26,17
2026-04-08T19:40:00-05:00,68,26,17
2026-04-08T19:48:00-05:00,72,26,16
2026-04-08T19:56:00-05:00,64,26,17
2026-04-08T20:04:00-05:00,69,21,18
2026-04-08T20:12:00-05:00,63,22,17
2026-04-08T20:20:00-05:00,58,23,18
2026-04-08T20:28:00-05:00,53,23,16
2026-04-08T20:36:00-05:00,58,24,17
2026-04-08T20:44:00-05:00,56,22,21
2026-04-08T20:52:00-05:00,53,24,18
2026-04-08T21:00:00-05:00,54,23,20
2026-04-08T21:08:00-05:00,52,21,19
2026-04-08T21:16:00-05:00,52,22,18
2026-04-08T21:24:00-05:00,52,20,18
2026-04-08T21:32:00-05:00,49,20,18
2026-04-08T21:40:00-05:00,45,21,21
2026-04-08T21:48:00-05:00,49,20,22
2026-04-08T21:56:00-05:00,44,19,21
2026-04-08T22:04:00-05:00,48,20,21
2026-04-08T22:12:00-05:00,45,18,19
2026-04-08T22:20:00-05:00,40,19,22
2026-04-08T22:28:00-05:00,42,21,23
2026-04-08T22:36:00-05:00,41,19,21
2026-04-08T22:44:00-05:00,40,22,19
2026-04-08T22:52:00-05:00,42,21,23
2026-04-08T23:00:00-05:00,46,20,21
2026-04-08T23:08:00-05:00,46,22,22
2026-04-08T23:16:00-05:00,39,19,24
2026-04-08T23:24:00-05:00,35,20,22
2026-04-08T23:32:00-05:00,35,19,24
2026-04-08T23:40:00-05:00,36,20,22
2026-04-08T23:48:00-05:00,36,19,24
2026-04-08T23:56:00-05:00,29,18,21
2026-04-09T00:04:00-05:00,41,19,24
2026-04-09T00:12:00-05:00,38,19,23
2026-04-09T00:20:00-05:00,35,18,24
2026-04-09T00:28:00-05:00,36,19,25
2026-04-09T00:36:00-05:00,38,17,26
2026-04-09T00:44:00-05:00,37,18,21
2026-04-09T00:52:00-05:00,40,15,28
2026-04-09T01:00:00-05:00,33,17,24
2026-04-09T01:08:00-05:00,33,17,22
2026-04-09T01:16:00-05:00,32,18,20
2026-04-09T01:24:00-05:00,36,15,21
2026-04-09T01:32:00-05:00,36,17,23
2026-04-09T01:40:00-05:00,43,19,26
2026-04-09T01:48:00-05:00,35,19,22
2026-04-09T01:56:00-05:00,29,15,26
2026-04-09T02:04:00-05:00,33,17,20
2026-04-09T02:12:00-05:00,34,17,22
2026-04-09T02:20:00-05:00,31,20,25
2026-04-09T02:28:00-05:00,35,15,23
2026-04-09T02:36:00-05:00,33,17,21
2026-04-09T02:44:00-05:00,34,19,19
2026-04-09T02:52:00-05:00,26,17,20
2026-04-09T03:00:00-05:00,33,16,20
2026-04-09T03:08:00-05:00,35,15,18
2026-04-09T03:16:00-05:00,33,12,28
2026-04-09T03:24:00-05:00,32,12,37
2026-04-09T03:32:00-05:00,40,18,16
2026-04-09T03:40:00-05:00,23,20,23
2026-04-09T03:48:00-05:00,25,12,21
2026-04-09T03:56:00-05:00,25,13,16
2026-04-09T04:04:00-05:00,27,19,19
2026-04-09T04:12:00-05:00,28,22,16
2026-04-09T04:20:00-05:00,31,18,23
2026-04-09T04:28:00-05:00,30,19,18
2026-04-09T04:36:00-05:00,29,15,19
2026-04-09T04:44:00-05:00,22,11,21
2026-04-09T04:52:00-05:00,24,16,22
2026-04-09T05:00:00-05:00,28,13,19
2026-04-09T05:08:00-05:00,22,19,17
2026-04-09T05:16:00-05:00,22,15,18
2026-04-09T05:24:00-05:00,25,10,14
2026-04-09T05:32:00-05:00,28,15,18
2026-04-09T05:40:00-05:00,30,17,18
2026-04-09T05:48:00-05:00,26,18,13
2026-04-09T05:56:00-05:00,34,18,15
2026-04-09T06:04:00-05:00,28,21,14
2026-04-09T06:12:00-05:00,27,20,14
2026-04-09T06:20:00-05:00,26,16,16
2026-04-09T06:28:00-05:00,24,17,12
2026-04-09T06:36:00-05:00,25,19,12
2026-04-09T06:44:00-05:00,26,16,14
2026-04-09T06:52:00-05:00,28,18,14
2026-04-09T07:00:00-05:00,26,17,11
2026-04-09T07:08:00-05:00,25,17,12
2026-04-09T07:16:00-05:00,28,18,13
2026-04-09T07:24:00-05:00,28,16,12
2026-04-09T07:32:00-05:00,26,17,10
2026-04-09T07:40:00-05:00,26,15,10
2026-04-09T07:48:00-05:00,28,17,13
2026-04-09T07:56:00-05:00,27,14,11
2026-04-09T08:04:00-05:00,30,16,12
2026-04-09T08:12:00-05:00,30,16,12
2026-04-09T08:20:00-05:00,29,14,12
2026-04-09T08:28:00-05:00,30,16,11
2026-04-09T08:36:00-05:00,29,15,10
2026-04-09T08:44:00-05:00,31,17,11
2026-04-09T08:52:00-05:00,30,14,11
2026-04-09T09:00:00-05:00,31,17,11
2026-04-09T09:08:00-05:00,31,16,10
2026-04-09T09:16:00-05:00,31,15,8
2026-04-09T09:24:00-05:00,32,17,9
2026-04-09T09:32:00-05:00,33,15,9
2026-04-09T09:40:00-05:00,33,17,10
2026-04-09T09:48:00-05:00,38,18,9
2026-04-09T09:56:00-05:00,37,15,11
2026-04-09T10:04:00-05:00,42,15,11
2026-04-09T10:12:00-05:00,38,17,9
2026-04-09T10:20:00-05:00,39,16,11
2026-04-09T10:28:00-05:00,42,17,11
2026-04-09T10:36:00-05:00,44,15,10
2026-04-09T10:44:00-05:00,45,16,10
2026-04-09T10:52:00-05:00,51,16,11
2026-04-09T11:00:00-05:00,48,15,10
2026-04-09T11:08:00-05:00,50,16,10
2026-04-09T11:16:00-05:00,50,16,11
2026-04-09T11:24:00-05:00,50,17,10
2026-04-09T11:32:00-05:00,51,15,10
2026-04-09T11:40:00-05:00,51,18,10
2026-04-09T11:48:00-05:00,50,17,10
2026-04-09T11:56:00-05:00,51,17,9
2026-04-09T12:04:00-05:00,52,16,10
2026-04-09T12:12:00-05:00,55,18,10
2026-04-09T12:20:00-05:00,51,18,9
2026-04-09T12:28:00-05:00,49,18,11
2026-04-09T12:36:00-05:00,48,18,9
2026-04-09T12:44:00-05:00,51,19,9
2026-04-09T12:52:00-05:00,52,17,11
2026-04-09T13:00:00-05:00,49,18,10
2026-04-09T13:08:00-05:00,51,17,11
2026-04-09T13:16:00-05:00,47,16,10
2026-04-09T13:24:00-05:00,48,19,10
2026-04-09T13:32:00-05:00,48,16,11
2026-04-09T13:40:00-05:00,48,19,12
2026-04-09T13:48:00-05:00,53,20,12
2026-04-09T13:56:00-05:00,53,17,11
2026-04-09T14:04:00-05:00,53,18,11
2026-04-09T14:12:00-05:00,50,18,12
2026-04-09T14:20:00-05:00,53,18,13
2026-04-09T14:28:00-05:00,53,19,12
2026-04-09T14:36:00-05:00,53,16,12
2026-04-09T14:44:00-05:00,55,19,15
2026-04-09T14:52:00-05:00,58,18,14
2026-04-09T15:00:00-05:00,59,19,15
2026-04-09T15:08:00-05:00,63,21,16
2026-04-09T15:16:00-05:00,60,17,13
2026-04-09T15:24:00-05:00,60,19,15
2026-04-09T15:32:00-05:00,63,18,15
2026-04-09T15:40:00-05:00,68,20,14
2026-04-09T15:48:00-05:00,67,21,16
2026-04-09T15:56:00-05:00,73,18,15
2026-04-09T16:04:00-05:00,76,21,15
2026-04-09T16:12:00-05:00,76,18,16
2026-04-09T16:20:00-05:00,81,21,18
2026-04-09T16:28:00-05:00,80,20,18
2026-04-09T16:36:00-05:00,87,19,19
2026-04-09T16:44:00-05:00,84,21,18
2026-04-09T16:52:00-05:00,90,22,23
2026-04-09T17:00:00-05:00,85,20,22
2026-04-09T17:08:00-05:00,91,21,23
2026-04-09T17:16:00-05:00,94,19,25
2026-04-09T17:24:00-05:00,93,21,25
2026-04-09T17:32:00-05:00,91,23,24
2026-04-09T17:40:00-05:00,88,22,26
2026-04-09T17:48:00-05:00,90,22,26
2026-04-09T17:56:00-05:00,94,22,28
2026-04-09T18:04:00-05:00,100,23,33
