OrderID,OrderDate,ShipName,ShipCountry
OrderID,OrderDate,ShipName,ShipCountry
OrderID,OrderDate,ShipName,ShipCountry
OrderID,OrderDate,ShipName,ShipCountry
OrderID,OrderDate,ShipName,ShipCountry
OrderID,OrderDate,ShipName,ShipCountry
OrderID,OrderDate,ShipName,ShipCountry
OrderID,OrderDate,ShipName,ShipCountry
OrderID,OrderDate,ShipName,ShipCountry
OrderID,OrderDate,ShipName,ShipCountry
OrderID,OrderDate,ShipName,ShipCountry
OrderID,OrderDate,ShipName,ShipCountry
OrderID,OrderDate,ShipName,ShipCountry
OrderID,OrderDate,ShipName,ShipCountry
OrderID,OrderDate,ShipName,ShipCountry
OrderID,OrderDate,ShipName,ShipCountry
OrderID,OrderDate,ShipName,ShipCountry
OrderID,OrderDate,ShipName,ShipCountry
OrderID,OrderDate,ShipName,ShipCountry
OrderID,OrderDate,ShipName,ShipCountry
OrderID,OrderDate,ShipName,ShipCountry
OrderID,OrderDate,ShipName,ShipCountry
OrderID,OrderDate,ShipName,ShipCountry
OrderID,OrderDate,ShipName,ShipCountry
OrderID,OrderDate,ShipName,ShipCountry
OrderID,OrderDate,ShipName,ShipCountry
OrderID,OrderDate,ShipName,ShipCountry
OrderID,OrderDate,ShipName,ShipCountry
OrderID,OrderDate,ShipName,ShipCountry
OrderID,OrderDate,ShipName,ShipCountry
OrderID,OrderDate,ShipName,ShipCountry
OrderID,OrderDate,ShipName,ShipCountry
OrderID,OrderDate,ShipName,ShipCountry
OrderID,OrderDate,ShipName,ShipCountry
OrderID,OrderDate,ShipName,ShipCountry
OrderID,OrderDate,ShipName,ShipCountry
OrderID,OrderDate,ShipName,ShipCountry
OrderID,OrderDate,ShipName,ShipCountry
OrderID,OrderDate,ShipName,ShipCountry
OrderID,OrderDate,ShipName,ShipCountry
OrderID,OrderDate,ShipName,ShipCountry
OrderID,OrderDate,ShipName,ShipCountry
OrderID,OrderDate,ShipName,ShipCountry
OrderID,OrderDate,ShipName,ShipCountry
OrderID,OrderDate,ShipName,ShipCountry
OrderID,OrderDate,ShipName,ShipCountry
OrderID,OrderDate,ShipName,ShipCountry
OrderID,OrderDate,ShipName,ShipCountry
OrderID,OrderDate,ShipName,ShipCountry
OrderID,OrderDate,ShipName,ShipCountry
OrderID,OrderDate,ShipName,ShipCountry
